<?xml version="1.0" encoding="UTF-8"?>
<GenRun Id="Square_Root_synth_1" LaunchPart="xc7a100tcsg324-1" LaunchTime="1658930733">
  <File Type="PA-TCL" Name="Square_Root.tcl"/>
  <File Type="REPORTS-TCL" Name="Square_Root_reports.tcl"/>
  <File Type="RDS-RDS" Name="Square_Root.vds"/>
  <File Type="RDS-UTIL" Name="Square_Root_utilization_synth.rpt"/>
  <File Type="RDS-UTIL-PB" Name="Square_Root_utilization_synth.pb"/>
  <File Type="RDS-DCP" Name="Square_Root.dcp"/>
  <FileSet Name="sources" Type="BlockSrcs" RelSrcDir="$PSRCDIR/Square_Root">
    <File Path="$PSRCDIR/Square_Root/ip/Square_Root/Square_Root.xci">
      <FileInfo>
        <Attr Name="ImportPath" Val="D:/WorkBORI/oob/Nexys-A7/hw/src/ip/Square_Root/Square_Root.xci"/>
        <Attr Name="ImportTime" Val="1658932387"/>
        <Attr Name="UsedIn" Val="synthesis"/>
        <Attr Name="UsedIn" Val="implementation"/>
        <Attr Name="UsedIn" Val="simulation"/>
      </FileInfo>
    </File>
    <Config>
      <Option Name="TopModule" Val="Square_Root"/>
      <Option Name="UseBlackboxStub" Val="1"/>
    </Config>
  </FileSet>
  <FileSet Name="constrs_in" Type="BlockSrcs" RelSrcDir="$PSRCDIR/Square_Root">
    <File Path="$PSRCDIR/Square_Root/ip/Square_Root/Square_Root.xci">
      <FileInfo>
        <Attr Name="ImportPath" Val="D:/WorkBORI/oob/Nexys-A7/hw/src/ip/Square_Root/Square_Root.xci"/>
        <Attr Name="ImportTime" Val="1658932387"/>
        <Attr Name="UsedIn" Val="synthesis"/>
        <Attr Name="UsedIn" Val="implementation"/>
        <Attr Name="UsedIn" Val="simulation"/>
      </FileInfo>
    </File>
    <Config>
      <Option Name="TopModule" Val="Square_Root"/>
      <Option Name="UseBlackboxStub" Val="1"/>
    </Config>
  </FileSet>
  <FileSet Name="utils" Type="Utils" RelSrcDir="$PSRCDIR/utils_1">
    <Filter Type="Utils"/>
    <Config>
      <Option Name="TopAutoSet" Val="TRUE"/>
    </Config>
  </FileSet>
  <Strategy Version="1" Minor="2">
    <StratHandle Name="Vivado Synthesis Defaults" Flow="Vivado Synthesis 2022"/>
    <Step Id="synth_design"/>
  </Strategy>
</GenRun>
