<?xml version="1.0" encoding="UTF-8"?>
<GenRun Id="impl_1" LaunchPart="xc7a100tcsg324-1" LaunchTime="1658930733">
  <File Type="ROUTE-PWR" Name="Nexys4DdrUserDemo_power_routed.rpt"/>
  <File Type="PA-TCL" Name="Nexys4DdrUserDemo.tcl"/>
  <File Type="ROUTE-PWR-SUM" Name="Nexys4DdrUserDemo_power_summary_routed.pb"/>
  <File Type="REPORTS-TCL" Name="Nexys4DdrUserDemo_reports.tcl"/>
  <File Type="BITSTR-MSK" Name="Nexys4DdrUserDemo.msk"/>
  <File Type="ROUTE-CLK" Name="Nexys4DdrUserDemo_clock_utilization_routed.rpt"/>
  <File Type="RDI-RDI" Name="Nexys4DdrUserDemo.vdi"/>
  <File Type="BG-BIT" Name="Nexys4DdrUserDemo.bit"/>
  <File Type="BG-DRC" Name="Nexys4DdrUserDemo.drc"/>
  <File Type="BG-BGN" Name="Nexys4DdrUserDemo.bgn"/>
  <File Type="BG-BIN" Name="Nexys4DdrUserDemo.bin"/>
  <File Type="BITSTR-RBT" Name="Nexys4DdrUserDemo.rbt"/>
  <File Type="BITSTR-NKY" Name="Nexys4DdrUserDemo.nky"/>
  <File Type="BITSTR-BMM" Name="Nexys4DdrUserDemo_bd.bmm"/>
  <File Type="BITSTR-MMI" Name="Nexys4DdrUserDemo.mmi"/>
  <File Type="ROUTE-METHODOLOGY-DRC" Name="Nexys4DdrUserDemo_methodology_drc_routed.rpt"/>
  <File Type="BITSTR-SYSDEF" Name="Nexys4DdrUserDemo.sysdef"/>
  <File Type="BITSTR-LTX" Name="debug_nets.ltx"/>
  <File Type="BITSTR-LTX" Name="Nexys4DdrUserDemo.ltx"/>
  <File Type="WBT-USG" Name="usage_statistics_webtalk.html"/>
  <File Type="OPT-DRC" Name="Nexys4DdrUserDemo_drc_opted.rpt"/>
  <File Type="OPT-HWDEF" Name="Nexys4DdrUserDemo.hwdef"/>
  <File Type="PLACE-IO" Name="Nexys4DdrUserDemo_io_placed.rpt"/>
  <File Type="PLACE-UTIL" Name="Nexys4DdrUserDemo_utilization_placed.rpt"/>
  <File Type="PLACE-UTIL-PB" Name="Nexys4DdrUserDemo_utilization_placed.pb"/>
  <File Type="PLACE-CTRL" Name="Nexys4DdrUserDemo_control_sets_placed.rpt"/>
  <File Type="PLACE-PRE-SIMILARITY" Name="Nexys4DdrUserDemo_incremental_reuse_pre_placed.rpt"/>
  <File Type="ROUTE-DRC" Name="Nexys4DdrUserDemo_drc_routed.rpt"/>
  <File Type="ROUTE-DRC-PB" Name="Nexys4DdrUserDemo_drc_routed.pb"/>
  <File Type="ROUTE-PWR-RPX" Name="Nexys4DdrUserDemo_power_routed.rpx"/>
  <File Type="ROUTE-STATUS" Name="Nexys4DdrUserDemo_route_status.rpt"/>
  <File Type="ROUTE-STATUS-PB" Name="Nexys4DdrUserDemo_route_status.pb"/>
  <File Type="ROUTE-DCP" Name="Nexys4DdrUserDemo_routed.dcp"/>
  <File Type="ROUTE-ERROR-DCP" Name="Nexys4DdrUserDemo_routed_error.dcp"/>
  <File Type="ROUTE-BLACKBOX-DCP" Name="Nexys4DdrUserDemo_routed_bb.dcp"/>
  <File Type="ROUTE-TIMINGSUMMARY" Name="Nexys4DdrUserDemo_timing_summary_routed.rpt"/>
  <File Type="ROUTE-TIMING-PB" Name="Nexys4DdrUserDemo_timing_summary_routed.pb"/>
  <File Type="ROUTE-TIMING-RPX" Name="Nexys4DdrUserDemo_timing_summary_routed.rpx"/>
  <File Type="ROUTE-BUS-SKEW" Name="Nexys4DdrUserDemo_bus_skew_routed.rpt"/>
  <File Type="ROUTE-BUS-SKEW-PB" Name="Nexys4DdrUserDemo_bus_skew_routed.pb"/>
  <File Type="ROUTE-BUS-SKEW-RPX" Name="Nexys4DdrUserDemo_bus_skew_routed.rpx"/>
  <File Type="OPT-DCP" Name="Nexys4DdrUserDemo_opt.dcp"/>
  <File Type="PLACE-DCP" Name="Nexys4DdrUserDemo_placed.dcp"/>
  <File Type="PWROPT-DCP" Name="Nexys4DdrUserDemo_pwropt.dcp"/>
  <File Type="POSTPLACE-PWROPT-DCP" Name="Nexys4DdrUserDemo_postplace_pwropt.dcp"/>
  <File Type="PHYSOPT-DCP" Name="Nexys4DdrUserDemo_physopt.dcp"/>
  <File Type="POSTROUTE-PHYSOPT-DCP" Name="Nexys4DdrUserDemo_postroute_physopt.dcp"/>
  <File Type="POSTROUTE-PHYSOPT-BLACKBOX-DCP" Name="Nexys4DdrUserDemo_postroute_physopt_bb.dcp"/>
  <File Type="ROUTE-METHODOLOGY-DRC-PB" Name="Nexys4DdrUserDemo_methodology_drc_routed.pb"/>
  <File Type="ROUTE-DRC-RPX" Name="Nexys4DdrUserDemo_drc_routed.rpx"/>
  <File Type="ROUTE-METHODOLOGY-DRC-RPX" Name="Nexys4DdrUserDemo_methodology_drc_routed.rpx"/>
  <File Type="PDI-FILE" Name="Nexys4DdrUserDemo.pdi"/>
  <File Type="RCFI_FILE" Name="Nexys4DdrUserDemo.rcfi"/>
  <File Type="CFI_FILE" Name="Nexys4DdrUserDemo.cfi"/>
  <File Type="RNPI_FILE" Name="Nexys4DdrUserDemo.rnpi"/>
  <File Type="NPI_FILE" Name="Nexys4DdrUserDemo.npi"/>
  <File Type="RBD_FILE" Name="Nexys4DdrUserDemo.rbd"/>
  <File Type="ROUTE-RQS" Name="Nexys4DdrUserDemo_routed.rqs"/>
  <File Type="POSTROUTE-PHYSOPT-RQS" Name="Nexys4DdrUserDemo_postroute_physopted.rqs"/>
  <File Type="ROUTE-RQS-RPT" Name="route_report_qor_suggestions_0.rpt"/>
  <File Type="POSTROUTE-PHYSOPT-RQS-RPT" Name="postroute_physopt_report_qor_suggestions_0.rpt"/>
  <FileSet Name="sources" Type="DesignSrcs" RelSrcDir="$PSRCDIR/sources_1" RelGenDir="$PGENDIR/sources_1">
    <Filter Type="Srcs"/>
    <File Path="$PSRCDIR/sources_1/ip/ddr/ddr.xci">
      <FileInfo>
        <Attr Name="ImportPath" Val="D:/WorkBORI/oob/Nexys-A7/hw/src/ip/ddr/ddr.xci"/>
        <Attr Name="ImportTime" Val="1658932394"/>
        <Attr Name="UsedIn" Val="synthesis"/>
        <Attr Name="UsedIn" Val="implementation"/>
        <Attr Name="UsedIn" Val="simulation"/>
      </FileInfo>
    </File>
    <File Path="$PSRCDIR/sources_1/imports/src/hdl/ADXL362Ctrl.vhd">
      <FileInfo>
        <Attr Name="ImportPath" Val="D:/WorkBORI/oob/Nexys-A7/hw/src/hdl/ADXL362Ctrl.vhd"/>
        <Attr Name="ImportTime" Val="1658929280"/>
        <Attr Name="UsedIn" Val="synthesis"/>
        <Attr Name="UsedIn" Val="simulation"/>
      </FileInfo>
    </File>
    <File Path="$PSRCDIR/sources_1/imports/src/hdl/AccelArithmetics.vhd">
      <FileInfo>
        <Attr Name="ImportPath" Val="D:/WorkBORI/oob/Nexys-A7/hw/src/hdl/AccelArithmetics.vhd"/>
        <Attr Name="ImportTime" Val="1658929280"/>
        <Attr Name="UsedIn" Val="synthesis"/>
        <Attr Name="UsedIn" Val="simulation"/>
      </FileInfo>
    </File>
    <File Path="$PSRCDIR/sources_1/imports/src/hdl/AccelDisplay.vhd">
      <FileInfo>
        <Attr Name="ImportPath" Val="D:/WorkBORI/oob/Nexys-A7/hw/src/hdl/AccelDisplay.vhd"/>
        <Attr Name="ImportTime" Val="1658929280"/>
        <Attr Name="UsedIn" Val="synthesis"/>
        <Attr Name="UsedIn" Val="simulation"/>
      </FileInfo>
    </File>
    <File Path="$PSRCDIR/sources_1/imports/src/hdl/AccelerometerCtl.vhd">
      <FileInfo>
        <Attr Name="ImportPath" Val="D:/WorkBORI/oob/Nexys-A7/hw/src/hdl/AccelerometerCtl.vhd"/>
        <Attr Name="ImportTime" Val="1658929280"/>
        <Attr Name="UsedIn" Val="synthesis"/>
        <Attr Name="UsedIn" Val="simulation"/>
      </FileInfo>
    </File>
    <File Path="$PSRCDIR/sources_1/imports/src/hdl/AudioDemo.vhd">
      <FileInfo>
        <Attr Name="ImportPath" Val="D:/WorkBORI/oob/Nexys-A7/hw/src/hdl/AudioDemo.vhd"/>
        <Attr Name="ImportTime" Val="1658929280"/>
        <Attr Name="UsedIn" Val="synthesis"/>
        <Attr Name="UsedIn" Val="simulation"/>
      </FileInfo>
    </File>
    <File Path="$PSRCDIR/sources_1/imports/src/hdl/Dbncr.vhd">
      <FileInfo>
        <Attr Name="ImportPath" Val="D:/WorkBORI/oob/Nexys-A7/hw/src/hdl/Dbncr.vhd"/>
        <Attr Name="ImportTime" Val="1658929280"/>
        <Attr Name="UsedIn" Val="synthesis"/>
        <Attr Name="UsedIn" Val="simulation"/>
      </FileInfo>
    </File>
    <File Path="$PSRCDIR/sources_1/imports/src/hdl/FPGAMonitor.vhd">
      <FileInfo>
        <Attr Name="ImportPath" Val="D:/WorkBORI/oob/Nexys-A7/hw/src/hdl/FPGAMonitor.vhd"/>
        <Attr Name="ImportTime" Val="1658929280"/>
        <Attr Name="UsedIn" Val="synthesis"/>
        <Attr Name="UsedIn" Val="simulation"/>
      </FileInfo>
    </File>
    <File Path="$PSRCDIR/sources_1/imports/src/hdl/LedBar.vhd">
      <FileInfo>
        <Attr Name="ImportPath" Val="D:/WorkBORI/oob/Nexys-A7/hw/src/hdl/LedBar.vhd"/>
        <Attr Name="ImportTime" Val="1658929280"/>
        <Attr Name="UsedIn" Val="synthesis"/>
        <Attr Name="UsedIn" Val="simulation"/>
      </FileInfo>
    </File>
    <File Path="$PSRCDIR/sources_1/imports/src/hdl/LocalRst.vhd">
      <FileInfo>
        <Attr Name="ImportPath" Val="D:/WorkBORI/oob/Nexys-A7/hw/src/hdl/LocalRst.vhd"/>
        <Attr Name="ImportTime" Val="1658929280"/>
        <Attr Name="UsedIn" Val="synthesis"/>
        <Attr Name="UsedIn" Val="simulation"/>
      </FileInfo>
    </File>
    <File Path="$PSRCDIR/sources_1/imports/src/hdl/LogoDisplay.vhd">
      <FileInfo>
        <Attr Name="ImportPath" Val="D:/WorkBORI/oob/Nexys-A7/hw/src/hdl/LogoDisplay.vhd"/>
        <Attr Name="ImportTime" Val="1658929280"/>
        <Attr Name="UsedIn" Val="synthesis"/>
        <Attr Name="UsedIn" Val="simulation"/>
      </FileInfo>
    </File>
    <File Path="$PSRCDIR/sources_1/imports/src/hdl/SyncAsync.vhd">
      <FileInfo>
        <Attr Name="ImportPath" Val="D:/WorkBORI/oob/Nexys-A7/hw/src/hdl/SyncAsync.vhd"/>
        <Attr Name="ImportTime" Val="1658929280"/>
        <Attr Name="UsedIn" Val="synthesis"/>
        <Attr Name="UsedIn" Val="simulation"/>
      </FileInfo>
    </File>
    <File Path="$PSRCDIR/sources_1/imports/src/hdl/MicDisplay.vhd">
      <FileInfo>
        <Attr Name="ImportPath" Val="D:/WorkBORI/oob/Nexys-A7/hw/src/hdl/MicDisplay.vhd"/>
        <Attr Name="ImportTime" Val="1658929280"/>
        <Attr Name="UsedIn" Val="synthesis"/>
        <Attr Name="UsedIn" Val="simulation"/>
      </FileInfo>
    </File>
    <File Path="$PSRCDIR/sources_1/imports/src/hdl/MouseCtl.vhd">
      <FileInfo>
        <Attr Name="ImportPath" Val="D:/WorkBORI/oob/Nexys-A7/hw/src/hdl/MouseCtl.vhd"/>
        <Attr Name="ImportTime" Val="1658929280"/>
        <Attr Name="UsedIn" Val="synthesis"/>
        <Attr Name="UsedIn" Val="simulation"/>
      </FileInfo>
    </File>
    <File Path="$PSRCDIR/sources_1/imports/src/hdl/MouseDisplay.vhd">
      <FileInfo>
        <Attr Name="ImportPath" Val="D:/WorkBORI/oob/Nexys-A7/hw/src/hdl/MouseDisplay.vhd"/>
        <Attr Name="ImportTime" Val="1658929280"/>
        <Attr Name="UsedIn" Val="synthesis"/>
        <Attr Name="UsedIn" Val="simulation"/>
      </FileInfo>
    </File>
    <File Path="$PSRCDIR/sources_1/imports/src/hdl/OverlayCtl.vhd">
      <FileInfo>
        <Attr Name="ImportPath" Val="D:/WorkBORI/oob/Nexys-A7/hw/src/hdl/OverlayCtl.vhd"/>
        <Attr Name="ImportTime" Val="1658929280"/>
        <Attr Name="UsedIn" Val="synthesis"/>
        <Attr Name="UsedIn" Val="simulation"/>
      </FileInfo>
    </File>
    <File Path="$PSRCDIR/sources_1/imports/src/hdl/PdmDes.vhd">
      <FileInfo>
        <Attr Name="ImportPath" Val="D:/WorkBORI/oob/Nexys-A7/hw/src/hdl/PdmDes.vhd"/>
        <Attr Name="ImportTime" Val="1658929280"/>
        <Attr Name="UsedIn" Val="synthesis"/>
        <Attr Name="UsedIn" Val="simulation"/>
      </FileInfo>
    </File>
    <File Path="$PSRCDIR/sources_1/imports/src/hdl/PdmSer.vhd">
      <FileInfo>
        <Attr Name="ImportPath" Val="D:/WorkBORI/oob/Nexys-A7/hw/src/hdl/PdmSer.vhd"/>
        <Attr Name="ImportTime" Val="1658929280"/>
        <Attr Name="UsedIn" Val="synthesis"/>
        <Attr Name="UsedIn" Val="simulation"/>
      </FileInfo>
    </File>
    <File Path="$PSRCDIR/sources_1/imports/src/hdl/Ps2Interface.vhd">
      <FileInfo>
        <Attr Name="ImportPath" Val="D:/WorkBORI/oob/Nexys-A7/hw/src/hdl/Ps2Interface.vhd"/>
        <Attr Name="ImportTime" Val="1658929280"/>
        <Attr Name="UsedIn" Val="synthesis"/>
        <Attr Name="UsedIn" Val="simulation"/>
      </FileInfo>
    </File>
    <File Path="$PSRCDIR/sources_1/imports/src/hdl/Pwm.vhd">
      <FileInfo>
        <Attr Name="ImportPath" Val="D:/WorkBORI/oob/Nexys-A7/hw/src/hdl/Pwm.vhd"/>
        <Attr Name="ImportTime" Val="1658929280"/>
        <Attr Name="UsedIn" Val="synthesis"/>
        <Attr Name="UsedIn" Val="simulation"/>
      </FileInfo>
    </File>
    <File Path="$PSRCDIR/sources_1/imports/src/hdl/Ram2Ddr.vhd">
      <FileInfo>
        <Attr Name="ImportPath" Val="D:/WorkBORI/oob/Nexys-A7/hw/src/hdl/Ram2Ddr.vhd"/>
        <Attr Name="ImportTime" Val="1658929280"/>
        <Attr Name="UsedIn" Val="synthesis"/>
        <Attr Name="UsedIn" Val="simulation"/>
      </FileInfo>
    </File>
    <File Path="$PSRCDIR/sources_1/imports/src/hdl/RamCntrl.vhd">
      <FileInfo>
        <Attr Name="ImportPath" Val="D:/WorkBORI/oob/Nexys-A7/hw/src/hdl/RamCntrl.vhd"/>
        <Attr Name="ImportTime" Val="1658929280"/>
        <Attr Name="UsedIn" Val="synthesis"/>
        <Attr Name="UsedIn" Val="simulation"/>
      </FileInfo>
    </File>
    <File Path="$PSRCDIR/sources_1/imports/src/hdl/RgbLed.vhd">
      <FileInfo>
        <Attr Name="ImportPath" Val="D:/WorkBORI/oob/Nexys-A7/hw/src/hdl/RgbLed.vhd"/>
        <Attr Name="ImportTime" Val="1658929280"/>
        <Attr Name="UsedIn" Val="synthesis"/>
        <Attr Name="UsedIn" Val="simulation"/>
      </FileInfo>
    </File>
    <File Path="$PSRCDIR/sources_1/imports/src/hdl/RgbLedDisplay.vhd">
      <FileInfo>
        <Attr Name="ImportPath" Val="D:/WorkBORI/oob/Nexys-A7/hw/src/hdl/RgbLedDisplay.vhd"/>
        <Attr Name="ImportTime" Val="1658929280"/>
        <Attr Name="UsedIn" Val="synthesis"/>
        <Attr Name="UsedIn" Val="simulation"/>
      </FileInfo>
    </File>
    <File Path="$PSRCDIR/sources_1/imports/src/hdl/SPI_If.vhd">
      <FileInfo>
        <Attr Name="ImportPath" Val="D:/WorkBORI/oob/Nexys-A7/hw/src/hdl/SPI_If.vhd"/>
        <Attr Name="ImportTime" Val="1658929280"/>
        <Attr Name="UsedIn" Val="synthesis"/>
        <Attr Name="UsedIn" Val="simulation"/>
      </FileInfo>
    </File>
    <File Path="$PSRCDIR/sources_1/imports/src/hdl/TWICtl.vhd">
      <FileInfo>
        <Attr Name="ImportPath" Val="D:/WorkBORI/oob/Nexys-A7/hw/src/hdl/TWICtl.vhd"/>
        <Attr Name="ImportTime" Val="1658929280"/>
        <Attr Name="UsedIn" Val="synthesis"/>
        <Attr Name="UsedIn" Val="simulation"/>
      </FileInfo>
    </File>
    <File Path="$PSRCDIR/sources_1/imports/src/hdl/TempDisplay.vhd">
      <FileInfo>
        <Attr Name="ImportPath" Val="D:/WorkBORI/oob/Nexys-A7/hw/src/hdl/TempDisplay.vhd"/>
        <Attr Name="ImportTime" Val="1658929280"/>
        <Attr Name="UsedIn" Val="synthesis"/>
        <Attr Name="UsedIn" Val="simulation"/>
      </FileInfo>
    </File>
    <File Path="$PSRCDIR/sources_1/imports/src/hdl/TempSensorCtl.vhd">
      <FileInfo>
        <Attr Name="ImportPath" Val="D:/WorkBORI/oob/Nexys-A7/hw/src/hdl/TempSensorCtl.vhd"/>
        <Attr Name="ImportTime" Val="1658929280"/>
        <Attr Name="UsedIn" Val="synthesis"/>
        <Attr Name="UsedIn" Val="simulation"/>
      </FileInfo>
    </File>
    <File Path="$PSRCDIR/sources_1/imports/src/hdl/Vga.vhd">
      <FileInfo>
        <Attr Name="ImportPath" Val="D:/WorkBORI/oob/Nexys-A7/hw/src/hdl/Vga.vhd"/>
        <Attr Name="ImportTime" Val="1658929280"/>
        <Attr Name="UsedIn" Val="synthesis"/>
        <Attr Name="UsedIn" Val="simulation"/>
      </FileInfo>
    </File>
    <File Path="$PSRCDIR/sources_1/imports/src/hdl/sSegDemo.vhd">
      <FileInfo>
        <Attr Name="ImportPath" Val="D:/WorkBORI/oob/Nexys-A7/hw/src/hdl/sSegDemo.vhd"/>
        <Attr Name="ImportTime" Val="1658929280"/>
        <Attr Name="UsedIn" Val="synthesis"/>
        <Attr Name="UsedIn" Val="simulation"/>
      </FileInfo>
    </File>
    <File Path="$PSRCDIR/sources_1/imports/src/hdl/sSegDisplay.vhd">
      <FileInfo>
        <Attr Name="ImportPath" Val="D:/WorkBORI/oob/Nexys-A7/hw/src/hdl/sSegDisplay.vhd"/>
        <Attr Name="ImportTime" Val="1658929280"/>
        <Attr Name="UsedIn" Val="synthesis"/>
        <Attr Name="UsedIn" Val="simulation"/>
      </FileInfo>
    </File>
    <File Path="$PSRCDIR/sources_1/imports/src/hdl/top.vhd">
      <FileInfo>
        <Attr Name="ImportPath" Val="D:/WorkBORI/oob/Nexys-A7/hw/src/hdl/top.vhd"/>
        <Attr Name="ImportTime" Val="1658929280"/>
        <Attr Name="UsedIn" Val="synthesis"/>
        <Attr Name="UsedIn" Val="simulation"/>
      </FileInfo>
    </File>
    <File Path="$PSRCDIR/sources_1/imports/src/other/Nexys4_all.coe">
      <FileInfo>
        <Attr Name="ImportPath" Val="D:/WorkBORI/oob/Nexys-A7/hw/src/other/Nexys4_all.coe"/>
        <Attr Name="ImportTime" Val="1658929280"/>
        <Attr Name="UsedIn" Val="synthesis"/>
        <Attr Name="UsedIn" Val="simulation"/>
      </FileInfo>
    </File>
    <File Path="$PSRCDIR/sources_1/imports/src/other/mig_a.prj">
      <FileInfo>
        <Attr Name="ImportPath" Val="D:/WorkBORI/oob/Nexys-A7/hw/src/other/mig_a.prj"/>
        <Attr Name="ImportTime" Val="1658929280"/>
        <Attr Name="UsedIn" Val="synthesis"/>
        <Attr Name="ScopedToCell" Val="ddr"/>
      </FileInfo>
    </File>
    <Config>
      <Option Name="DesignMode" Val="RTL"/>
      <Option Name="TopModule" Val="Nexys4DdrUserDemo"/>
      <Option Name="TopAutoSet" Val="TRUE"/>
    </Config>
  </FileSet>
  <FileSet Name="constrs_in" Type="Constrs" RelSrcDir="$PSRCDIR/constrs_1">
    <Filter Type="Constrs"/>
    <File Path="$PSRCDIR/constrs_1/imports/constraints/Nexys-A7-100T-Master.xdc">
      <FileInfo>
        <Attr Name="ImportPath" Val="D:/WorkBORI/oob/Nexys-A7/hw/src/constraints/Nexys-A7-100T-Master.xdc"/>
        <Attr Name="ImportTime" Val="1658929280"/>
        <Attr Name="UsedIn" Val="synthesis"/>
        <Attr Name="UsedIn" Val="implementation"/>
      </FileInfo>
    </File>
    <Config>
      <Option Name="ConstrsType" Val="XDC"/>
    </Config>
  </FileSet>
  <FileSet Name="utils" Type="Utils" RelSrcDir="$PSRCDIR/utils_1">
    <Filter Type="Utils"/>
    <Config>
      <Option Name="TopAutoSet" Val="TRUE"/>
    </Config>
  </FileSet>
  <Strategy Version="1" Minor="2">
    <StratHandle Name="Vivado Implementation Defaults" Flow="Vivado Implementation 2022"/>
    <Step Id="init_design"/>
    <Step Id="opt_design"/>
    <Step Id="power_opt_design"/>
    <Step Id="place_design"/>
    <Step Id="post_place_power_opt_design"/>
    <Step Id="phys_opt_design"/>
    <Step Id="route_design"/>
    <Step Id="post_route_phys_opt_design"/>
    <Step Id="write_bitstream"/>
    <Step Id="write_device_image"/>
  </Strategy>
  <BlockFileSet Type="BlockSrcs" Name="Square_Root"/>
  <BlockFileSet Type="BlockSrcs" Name="ClkGen"/>
  <BlockFileSet Type="BlockSrcs" Name="BRAM_1"/>
</GenRun>
