<?xml version="1.0" encoding="UTF-8"?>
<GenRun Id="BRAM_1_synth_1" LaunchPart="xc7a100tcsg324-1" LaunchTime="1658930733">
  <File Type="PA-TCL" Name="BRAM_1.tcl"/>
  <File Type="REPORTS-TCL" Name="BRAM_1_reports.tcl"/>
  <File Type="RDS-RDS" Name="BRAM_1.vds"/>
  <File Type="RDS-UTIL" Name="BRAM_1_utilization_synth.rpt"/>
  <File Type="RDS-UTIL-PB" Name="BRAM_1_utilization_synth.pb"/>
  <File Type="RDS-DCP" Name="BRAM_1.dcp"/>
  <FileSet Name="sources" Type="BlockSrcs" RelSrcDir="$PSRCDIR/BRAM_1">
    <File Path="$PSRCDIR/BRAM_1/ip/BRAM_1/BRAM_1.xci">
      <FileInfo>
        <Attr Name="ImportPath" Val="D:/WorkBORI/oob/Nexys-A7/hw/src/ip/BRAM_1/BRAM_1.xci"/>
        <Attr Name="ImportTime" Val="1658932397"/>
        <Attr Name="UsedIn" Val="synthesis"/>
        <Attr Name="UsedIn" Val="implementation"/>
        <Attr Name="UsedIn" Val="simulation"/>
      </FileInfo>
    </File>
    <Config>
      <Option Name="TopModule" Val="BRAM_1"/>
      <Option Name="UseBlackboxStub" Val="1"/>
    </Config>
  </FileSet>
  <FileSet Name="constrs_in" Type="BlockSrcs" RelSrcDir="$PSRCDIR/BRAM_1">
    <File Path="$PSRCDIR/BRAM_1/ip/BRAM_1/BRAM_1.xci">
      <FileInfo>
        <Attr Name="ImportPath" Val="D:/WorkBORI/oob/Nexys-A7/hw/src/ip/BRAM_1/BRAM_1.xci"/>
        <Attr Name="ImportTime" Val="1658932397"/>
        <Attr Name="UsedIn" Val="synthesis"/>
        <Attr Name="UsedIn" Val="implementation"/>
        <Attr Name="UsedIn" Val="simulation"/>
      </FileInfo>
    </File>
    <Config>
      <Option Name="TopModule" Val="BRAM_1"/>
      <Option Name="UseBlackboxStub" Val="1"/>
    </Config>
  </FileSet>
  <FileSet Name="utils" Type="Utils" RelSrcDir="$PSRCDIR/utils_1">
    <Filter Type="Utils"/>
    <Config>
      <Option Name="TopAutoSet" Val="TRUE"/>
    </Config>
  </FileSet>
  <Strategy Version="1" Minor="2">
    <StratHandle Name="Vivado Synthesis Defaults" Flow="Vivado Synthesis 2022"/>
    <Step Id="synth_design"/>
  </Strategy>
</GenRun>
